"#"	"Ticker"	"Company"	"Transfer Agent"	"Online Purchase?"	"Investor Relations"	"IR Phone #"
526	"GME"	"Gamestop"	"Computershare"	"Yes"	"ir@gamestop.com"	"(817) 424-2001"
102	"MMM"	"3M"	"EQ Shareowner Services"	"No"	"investorrelations@3m.com"	"(800) 762-2596"
446	"AMRK"	"A-Mark Precious Metals"	"American Stock Transfer & Trust Co."	"No"	"sreiner@amark.com"	"(310) 587-1410"
86	"ABT"	"Abbott Laboratories"	"Computershare"	"No"	""	"(224) 667-8945"
63	"ABBV"	"AbbVie"	"EQ Shareowner Services"	"Yes"	""	"(877) 881-5970"
481	"ASO"	"Academy Sports and Outdoors"	"Broadridge Corporate Issuer Solutions, Inc."	"No"	""	""
396	"ATVI"	"Activision Blizzard"	"Broadridge Corporate Issuer Solutions, Inc."	"No"	"ir@activision.com"	"(866) 804-4314"
235	"ADBE"	"Adobe"	"Broadridge Corporate Issuer Solutions, Inc."	"No"	"ir@adobe.com"	"(408) 536-4700"
337	"AAP"	"Advance Auto Parts"	"Computershare"	"Yes"	"invrelations@advance-auto.com"	"(919) 227-5466"
226	"AMD"	"Advanced Micro Devices (AMD)"	"Computershare"	"Yes"	"investor.relations@amd.com"	"(408) 749-3124"
260	"ACM"	"AECOM"	"Computershare"	"No"	"aecominvestorrelations@aecom.com"	"(213) 593-8208"
333	"AES"	"AES"	"Computershare"	"Yes"	"invest@aes.com"	"(703) 682-6399"
161	"AFL"	"Aflac"	"Broadridge Corporate Issuer Solutions, Inc."	"Yes"	"shareholder@aflac.com"	"(800) 235-2667"
334	"AGCO"	"AGCO"	"Computershare"	"Yes"	"greg.peterson@agcocorp.com"	"(800) 962-4284"
350	"APD"	"Air Products & Chemicals"	"Broadridge Corporate Issuer Solutions, Inc."	"Yes"	"hiehmh@airproducts.com"	"(844) 318-0129"
52	"ACI"	"Albertsons"	"American Stock Transfer & Trust Co."	"No"	"investor-relations@albertsons.com"	""
312	"AA"	"Alcoa"	"Computershare"	"No"	""	"(888) 985-2058"
318	"Y"	"Alleghany"	"Computershare"	"No"	""	""
66	"ALL"	"Allstate"	"EQ Shareowner Services"	"Yes"	"invrel@allstate.com"	"(800) 416-8803"
345	"ALLY"	"Ally Financial"	"Computershare"	"No"	"investor.relations@ally.com"	"(800) 522-6645"
8	"GOOGL"	"Alphabet"	"Computershare"	"Yes"	"investor-relations@abc.xyz"	""
355	"ATUS"	"Altice USA"	"American Stock Transfer & Trust Co."	"No"	"nick.brown@alticeusa.com"	""
165	"MO"	"Altria Group"	"Computershare"	"Yes"	""	"(804) 484-8222"
2	"AMZN"	"Amazon"	"Computershare"	"Yes"	"amazon-ir@amazon.com"	""
500	"AEE"	"Ameren"	"EQ Shareowner Services"	"Yes"	"invest@ameren.com"	"(800) 255-2237"
114	"AAL"	"American Airlines Group"	"American Stock Transfer & Trust Co."	"No"	"investor.relations@aa.com"	"(682) 278-0999"
219	"AEP"	"American Electric Power"	"Computershare"	"Yes"	"rkowens-paul@aep.com"	"(800) 237-2667"
85	"AXP"	"American Express"	"Computershare"	"Yes"	"ir@aexp.com"	"(212) 640-2000"
251	"N/a"	"American Family Insurance Group"	"Non-public shares"	"N/a"	""	""
454	"AFG"	"American Financial Group"	"Broadridge Corporate Issuer Solutions, Inc."	"No"	"afginvestorrelations@amfin.com"	"(513) 579-6739"
67	"AIG"	"American International Group"	"EQ Shareowner Services"	"No"	""	""
375	"AMT"	"American Tower"	"Computershare"	"No"	"investor.relations@americantower.com"	""
277	"AMP"	"Ameriprise Financial"	"Broadridge Corporate Issuer Solutions, Inc."	"Yes"	"investor.relations@ampf.com"	"(800) 862-7919"
10	"ABC"	"AmerisourceBergen"	"Computershare"	"Yes"	"investorrelations@amerisourcebergen.com"	"(610) 727-3693"
140	"AMGN"	"Amgen"	"American Stock Transfer & Trust Co."	"No"	"investor.relations@amgen.com"	"(805) 447-1060"
341	"APH"	"Amphenol"	"Computershare"	"No"	"ir@amphenol.com"	"(203) 265-882"
463	"ADI"	"Analog Devices"	"Computershare"	"Yes"	"investor.relations@analog.com"	"(781) 461-3282"
295	"ANDE"	"Andersons"	"Computershare"	"Yes"	"investorrelations@andersonsinc.com"	"(419) 897-6715"
20	"ELV"	"Anthem"	"Computershare"	"Yes"	"stephen.tanal@elevancehealth.com"	"(800) 985-0999"
431	"APA"	"APA Corp"	"EQ Shareowner Services"	"No"	"gary.clark@apachecorp.com"	"(281) 302-2286"
386	"APO"	"Apollo Global Management"	"American Stock Transfer & Trust Co."	"No"	"ir@apollo.com"	""
3	"AAPL"	"Apple"	"Computershare"	"No"	""	"(877) 360-5390"
156	"AMAT"	"Applied Materials"	"Computershare"	"Yes"	" investor_relations@amat.com"	"(408) 748-5227"
314	"ARMK"	"Aramark"	"Computershare"	"Yes"	""	""
38	"ADM"	"Archer Daniels Midland"	"Computershare"	"No"	"investorrelations@adm.com"	""
452	"ARNC"	"Arconic"	"Computershare"	"Yes"	"investor.relations@arconic.com"	"(412) 315-2984"
498	"ARKO"	"ARKO Corp"	"Continental Stock Transfer & Trust Co."	"No"	"investors@gpminvestments.com"	""
104	"ARW"	"Arrow Electronics"	"EQ Shareowner Services"	"No"	"investor@arrow.com"	"(303) 824-4544"
422	"AJG"	"Arthur J. Gallagher"	"Computershare"	"Yes"	"investor_relations@ajg.com"	"(630) 285-3661"
360	"ABG"	"Asbury Automotive Group"	"Computershare"	"No"	"ir@asburyauto.com"	"(770) 418-8211"
325	"AIZ"	"Assurant"	"Computershare"	"Yes"	""	""
13	"T"	"AT&T"	"Computershare"	"Yes"	"investr@att.com"	""
339	"N/a"	"Auto-Owners Insurance"	"Non-public shares"	"N/a"	""	""
421	"ALV"	"Autoliv"	"Computershare"	"Yes"	""	""
242	"ADP"	"Automatic Data Processing"	"EQ Shareowner Services"	"No"	"investor.mail@adp.com"	""
141	"AN"	"AutoNation"	"Computershare"	"Yes"	""	""
249	"AZO"	"AutoZone"	"Computershare"	"No"	"investor.relations@autozone.com"	""
457	"AVTR"	"Avantor"	"American Stock Transfer & Trust Co."	"No"	"christina.jones@avantorsciences.com"	""
412	"AVY"	"Avery Dennison"	"Broadridge Corporate Issuer Solutions, Inc."	"Yes"	""	""
378	"CAR"	"Avis Budget Group"	"Computershare"	"Yes"	""	""
180	"AVT"	"Avnet"	"American Stock Transfer & Trust Co."	"No"	""	""
170	"BKR"	"Baker Hughes"	"Computershare"	"Yes"	"investor.relations@bakerhughes.com"	""
272	"BALL"	"Ball Corp"	"Computershare"	"No"	"scott@ball.com"	""
36	"BAC"	"Bank of America"	"Computershare"	"Yes"	"i_r@bofa.com"	""
229	"BK"	"Bank of New York Mellon"	"EQ Shareowner Services"	"Yes"	""	""
435	"BBWI"	"Bath & Body Works"	"American Stock Transfer & Trust Co."	"Yes"	""	""
292	"BAX"	"Baxter International"	"Computershare"	"No"	"global_corp_investor_relations@baxter.com"	""
478	"BECN"	"Beacon Roofing Supply"	"Computershare"	"No"	""	""
173	"BDX"	"Becton Dickinson"	"Computershare"	"Yes"	""	""
381	"BBBY"	"Bed Bath & Beyond"	"American Stock Transfer & Trust Co."	"No"	""	""
7	"BRK.A"	"Berkshire Hathaway"	"EQ Shareowner Services"	"No"	"berkshire@berkshirehathaway.com"	""
271	"BERY"	"Berry Global Group"	"Computershare"	"No"	""	""
68	"BBY"	"Best Buy"	"Broadridge Corporate Issuer Solutions, Inc."	"Yes"	"investorrelations@bestbuy.com"	""
338	"BIIB"	"Biogen"	"Computershare"	"No"	"ir@biogen.com"	""
221	"BJ"	"BJ's Wholesale Club"	"American Stock Transfer & Trust Co."	"No"	""	""
184	"BLK"	"BlackRock"	"Computershare"	"No"	"invrel@blackrock.com"	""
159	"BX"	"Blackstone"	"Computershare"	"No"	"blackstoneshareholderrelations@blackstone.com"	""
208	"SQ"	"Block"	"Computershare"	"No"	"ir@block.xyz"	""
60	"BA"	"Boeing"	"Computershare"	"No"	""	""
432	"BCC"	"Boise Cascade"	"Broadridge Corporate Issuer Solutions, Inc."	"No"	""	""
340	"BKNG"	"Booking Holdings"	"American Stock Transfer & Trust Co."	"No"	""	""
436	"BAH"	"Booz Allen Hamilton Holding"	"Computershare"	"Yes"	""	""
244	"BWA"	"BorgWarner"	"Computershare"	"Yes"	""	""
319	"BSX"	"Boston Scientific"	"Computershare"	"No"	"bsxinvestorrelations@bsci.com"	""
468	"BHF"	"Brighthouse Financial"	"Computershare"	"Yes"	""	""
82	"BMY"	"Bristol-Myers Squibb"	"EQ Shareowner Services"	"Yes"	"investor.relations@bms.com"	""
128	"AVGO"	"Broadcom"	"Computershare"	"Yes"	"investor.relations@broadcom.com"	""
176	"BLDR"	"Builders FirstSource"	"Computershare"	"No"	""	""
377	"BURL"	"Burlington Stores"	"American Stock Transfer & Trust Co."	"No"	""	""
154	"CHRW"	"C.H. Robinson Worldwide"	"Broadridge Corporate Issuer Solutions, Inc."	"No"	""	""
335	"CZR"	"Caesars Entertainment"	"Continental Stock Transfer & Trust Co."	"No"	""	""
409	"CPB"	"Campbell Soup"	"Computershare"	"Yes"	""	""
475	"CWH"	"Camping World Holdings"	"American Stock Transfer & Trust Co."	"No"	""	""
108	"COF"	"Capital One Financial"	"Computershare"	"No"	"investorrelations@capitalone.com"	""
15	"CAH"	"Cardinal Health"	"Computershare"	"Yes"	"investor.relations@cardinalhealth.com"	""
398	"CG"	"Carlyle Group"	"American Stock Transfer & Trust Co."	"No"	""	""
174	"KMX"	"CarMax"	"American Stock Transfer & Trust Co."	"No"	""	""
169	"CARR"	"Carrier Global"	"Computershare"	"Yes"	"corpsec@carrier.com"	""
290	"CVNA"	"Carvana"	"American Stock Transfer & Trust Co."	"No"	""	""
445	"CASY"	"Casey's General Stores"	"Computershare"	"No"	""	""
73	"CAT"	"Caterpillar"	"Computershare"	"Yes"	"catshareservices@cat.com"	""
126	"CBRE"	"CBRE Group"	"Broadridge Corporate Issuer Solutions, Inc."	"No"	"investorrelations@cbre.com"	""
166	"CDW"	"CDW"	"Computershare"	"No"	"investorrelations@cdw.com"	""
406	"CE"	"Celanese"	"Computershare"	"Yes"	""	""
26	"CNC"	"Centene"	"Broadridge Corporate Issuer Solutions, Inc."	"No"	"investors@centene.com"	""
414	"CNP"	"CenterPoint Energy"	"Broadridge Corporate Issuer Solutions, Inc."	"Yes"	"investor_relations@centerpointenergy.com"	""
492	"CF"	"CF Industries Holdings"	"Computershare"	"Yes"	"investorrelations@cfindustries.com"	""
188	"SCHW"	"Charles Schwab"	"EQ Shareowner Services"	"No"	"investor.relations@schwab.com"	""
69	"CHTR"	"Charter Communications"	"Computershare"	"No"	"investor@charter.com"	""
233	"LNG"	"Cheniere Energy"	"Computershare"	"No"	"investor@cheniere.com"	""
16	"CVX"	"Chevron"	"Computershare"	"Yes"	""	""
394	"CHWY"	"Chewy"	"American Stock Transfer & Trust Co."	"No"	""	""
450	"CMG"	"Chipotle Mexican Grill"	"EQ Shareowner Services"	"No"	"ir@chipotle.com"	""
95	"CHS"	"Chico's FAS, Inc."	"EQ Shareowner Services"	"No"	""	""
12	"CI"	"Cigna"	"Computershare"	"Yes"	"ralph.giacobbe@cigna.com"	""
367	"CINF"	"Cincinnati Financial"	"EQ Shareowner Services"	"Yes"	""	""
470	"CTAS"	"Cintas"	"EQ Shareowner Services"	"No"	""	""
74	"CSCO"	"Cisco Systems"	"Computershare"	"Yes"	"investor-relations@cisco.com"	""
44	"C"	"Citigroup"	"Computershare"	"No"	"investorrelations@citi.com"	""
473	"CFG"	"Citizens Financial Group"	"Computershare"	"No"	""	""
171	"CLF"	"Cleveland-Cliffs"	"Broadridge Corporate Issuer Solutions, Inc."	"No"	""	""
459	"CLX"	"Clorox"	"Computershare"	"Yes"	"investorrelations@clorox.com"	""
451	"CMS"	"CMS Energy"	"EQ Shareowner Services"	"Yes"	"investrel@cmsenergy.com"	""
93	"KO"	"Coca-Cola"	"Computershare"	"Yes"	"koinvestorrelations@coca-cola.com"	""
194	"CTSH"	"Cognizant Technology Solutions"	"American Stock Transfer & Trust Co."	"No"	"tyler.scott@cognizant.com"	""
437	"COIN"	"Coinbase Global"	"Computershare"	"No"	"investor@coinbase.com"	""
211	"CL"	"Colgate-Palmolive"	"Computershare"	"Yes"	"investor_relations@colpal.com"	""
28	"CMCSA"	"Comcast"	"EQ Shareowner Services"	"No"	""	""
484	"CMC"	"Commercial Metals"	"Broadridge Corporate Issuer Solutions, Inc."	"No"	""	""
405	"COMM"	"CommScope Holding"	"American Stock Transfer & Trust Co."	"No"	""	""
304	"CYH"	"Community Health Systems"	"American Stock Transfer & Trust Co."	"No"	""	""
495	"COMP"	"Compass"	"Computershare"	"No"	""	""
331	"CAG"	"Conagra Brands"	"EQ Shareowner Services"	"No"	"ir@conagra.com"	""
77	"COP"	"ConocoPhillips"	"Computershare"	"Yes"	"investor.relations@conocophillips.com"	""
276	"ED"	"Consolidated Edison"	"Computershare"	"No"	"investorrelations@coned.com"	""
403	"STZ"	"Constellation Brands"	"Broadridge Corporate Issuer Solutions, Inc."	"No"	"joseph.suarez@cbrands.com"	""
263	"GLW"	"Corning"	"Computershare"	"Yes"	"amber.wohlfarth@owenscorning.com"	""
237	"CTVA"	"Corteva"	"Computershare"	"Yes"	""	""
11	"COST"	"Costco Wholesale"	"Computershare"	"Yes"	"investor@costco.com"	""
286	"CCK"	"Crown Holdings"	"EQ Shareowner Services"	"Yes"	""	""
298	"CSX"	"CSX"	"Broadridge Corporate Issuer Solutions, Inc."	"Yes"	"investors@csx.com"	""
149	"CMI"	"Cummins"	"Broadridge Corporate Issuer Solutions, Inc."	"No"	"investor.relations@cummins.com"	""
4	"CVS"	"CVS Health"	"EQ Shareowner Services"	"Yes"	"investorinfo@cvshealth.com"	""
124	"DHI"	"D.R. Horton"	"American Stock Transfer & Trust Co."	"No"	"investorrelations@drhorton.com"	""
391	"DAN"	"Dana"	"EQ Shareowner Services"	"No"	""	""
118	"DHR"	"Danaher"	"Computershare"	"Yes"	"investor.relations@danaher.com"	""
465	"DRI"	"Darden Restaurants"	"EQ Shareowner Services"	"Yes"	""	""
323	"DVA"	"DaVita"	"Computershare"	"No"	""	""
344	"DCP"	"DCP Midstream"	"American Stock Transfer & Trust Co."	"No"	""	""
84	"DE"	"Deere"	"Broadridge Corporate Issuer Solutions, Inc."	"Yes"	""	""
346	"DK"	"Delek US Holdings"	"American Stock Transfer & Trust Co."	"No"	""	""
31	"DELL"	"Dell Technologies"	"American Stock Transfer & Trust Co."	"No"	"investor_relations@dell.com"	""
113	"DAL"	"Delta Air Lines"	"EQ Shareowner Services"	"No"	"investorrelations@delta.com"	""
309	"DVN"	"Devon Energy"	"Computershare"	"Yes"	"investor.relations@dvn.com"	""
479	"FANG"	"Diamondback Energy"	"Computershare"	"No"	"ir@diamondbackenergy.com"	""
307	"DKS"	"Dick's Sporting Goods"	"American Stock Transfer & Trust Co."	"No"	""	""
488	"DDS"	"Dillard's"	"Computershare"	"No"	""	""
281	"DFS"	"Discover Financial Services"	"Computershare"	"Yes"	"investorrelations@discover.com"	""
205	"DISH"	"DISH Network"	"Computershare"	"No"	""	""
106	"DG"	"Dollar General"	"EQ Shareowner Services"	"Yes"	""	""
137	"DLTR"	"Dollar Tree"	"Computershare"	"No"	""	""
257	"D"	"Dominion Energy"	"Broadridge Corporate Issuer Solutions, Inc."	"Yes"	"investor.relations@dominionenergy.com"	""
433	"DOV"	"Dover"	"Computershare"	"Yes"	""	""
64	"DOW"	"Dow"	"Computershare"	"Yes"	"ir@dow.com"	""
239	"DTE"	"DTE Energy"	"EQ Shareowner Services"	"No"	"investor_relations@dteenergy.com"	""
145	"DUK"	"Duke Energy"	"Duke Energy"	"No"	"investduk@duke-energy.com"	""
213	"DD"	"DuPont"	"Computershare"	"Yes"	""	""
207	"DXC"	"DXC Technology"	"EQ Shareowner Services"	"No"	"investor.relations@dxc.com"	""
349	"EMN"	"Eastman Chemical"	"American Stock Transfer & Trust Co."	"Yes"	""	""
301	"EBAY"	"eBay"	"Computershare"	"Yes"	"ir@ebay.com"	""
293	"ECL"	"Ecolab"	"Computershare"	"No"	"investor.info@ecolab.com"	""
243	"EIX"	"Edison International"	"EQ Shareowner Services"	"Yes"	"sam.ramraj@edisonintl.com"	""
122	"LLY"	"Eli Lilly"	"EQ Shareowner Services"	"Yes"	""	""
357	"EME"	"EMCOR Group"	"Computershare"	"Yes"	""	""
199	"EMR"	"Emerson Electric"	"Computershare"	"Yes"	"investor.relations@emerson.com"	""
54	"ET"	"Energy Transfer"	"American Stock Transfer & Trust Co."	"No"	"investorrelations@energytransfer.com"	""
485	"ENLC"	"EnLink Midstream"	"American Stock Transfer & Trust Co."	"No"	""	""
321	"ETR"	"Entergy"	"EQ Shareowner Services"	"Yes"	"investorrelations@entergy.com"	""
89	"EPD"	"Enterprise Products Partners"	"EQ Shareowner Services"	"No"	"investor.relations@eprod.com"	""
193	"EOG"	"EOG Resources"	"Computershare"	"No"	"eog_ir@eogresources.com"	""
487	"EQIX"	"Equinix"	"Computershare"	"Yes"	"invest@equinix.com"	""
336	"EQH"	"Equitable Holdings"	"Computershare"	"No"	""	""
368	"ERIE"	"Erie Insurance Group"	"Broadridge Corporate Issuer Solutions, Inc."	"No"	""	""
228	"EL"	"Estée Lauder"	"Computershare"	"Yes"	"irdept@estee.com"	""
358	"ES"	"Eversource Energy"	"Computershare"	"Yes"	"melissa.cameron@eversource.com"	""
99	"EXC"	"Exelon"	"EQ Shareowner Services"	"Yes"	"investorrelations@exeloncorp.com"	""
404	"EXPE"	"Expedia Group"	"Computershare"	"Yes"	""	""
225	"EXPD"	"Expeditors Intl. of Washington"	"Computershare"	"No"	""	""
6	"XOM"	"Exxon Mobil"	"Computershare"	"Yes"	"shareholderrelations@exxonmobil.com"	""
33	"FNMA"	"Fannie Mae"	"Computershare"	"No"	""	""
264	"N/a"	"Farmers Insurance Exchange"	"Non-public shares"	"N/a"	""	""
39	"FDX"	"FedEx"	"Computershare"	"Yes"	"ir@fedex.com"	""
238	"FNF"	"Fidelity National Financial"	"Continental Stock Transfer & Trust Co."	"No"	""	""
268	"FIS"	"Fidelity National Information Services"	"Computershare"	"Yes"	""	""
415	"FITB"	"Fifth Third Bancorp"	"American Stock Transfer & Trust Co."	"Yes"	"ir@53.com"	""
383	"FAF"	"First American Financial"	"EQ Shareowner Services"	"Yes"	""	""
343	"FE"	"FirstEnergy"	"American Stock Transfer & Trust Co."	"No"	"prezeliji@firstenergycorp.com"	""
227	"FISV"	"Fiserv"	"EQ Shareowner Services"	"No"	"investor.relations@fiserv.com"	""
259	"FLR"	"Fluor"	"Computershare"	"No"	""	""
418	"N/a"	"FM Global"	"Non-public shares"	"N/a"	""	""
390	"FL"	"Foot Locker"	"Computershare"	"No"	""	""
22	"F"	"Ford Motor"	"Computershare"	"Yes"	"fordir@ford.com"	""
444	"FBIN"	"Fortune Brands Home & Security"	"EQ Shareowner Services"	"No"	""	""
287	"FOX"	"Fox"	"Computershare"	"No"	""	""
411	"BEN"	"Franklin Resources"	"Computershare"	"Yes"	""	""
56	"FMCC"	"Freddie Mac"	"Computershare"	"No"	""	""
157	"FCX"	"Freeport-McMoRan"	"Computershare"	"Yes"	"ir@fmi.com"	""
499	"FYBR"	"Frontier Communications"	"Computershare"	"No"	""	""
220	"GPS"	"Gap"	"EQ Shareowner Services"	"No"	""	""
94	"GD"	"General Dynamics"	"Computershare"	"No"	"investorrelations@generaldynamics.com"	""
48	"GE"	"General Electric"	"EQ Shareowner Services"	"Yes"	"investor@ge.com"	""
201	"GIS"	"General Mills"	"EQ Shareowner Services"	"Yes"	""	""
25	"GM"	"General Motors"	"Computershare"	"No"	""	""
191	"GPC"	"Genuine Parts"	"Computershare"	"No"	"investor_relations@genpt.com"	""
434	"GNW"	"Genworth Financial"	"Computershare"	"Yes"	""	""
129	"GILD"	"Gilead Sciences"	"Computershare"	"Yes"	"investor_relations@gilead.com"	""
280	"GLP"	"Global Partners"	"American Stock Transfer & Trust Co."	"No"	""	""
407	"GPN"	"Global Payments"	"Computershare"	"No"	"investor.relations@globalpay.com"	""
57	"GS"	"Goldman Sachs Group"	"Computershare"	"No"	"gs-investor-relations@gs.com"	""
209	"GT"	"Goodyear Tire & Rubber"	"Computershare"	"Yes"	""	""
466	"GPK"	"Graphic Packaging Holding"	"Broadridge Corporate Issuer Solutions, Inc."	"No"	""	""
399	"N/a"	"Graybar Electric"	"Non-public shares"	"N/a"	""	""
273	"GPI"	"Group 1 Automotive"	"American Stock Transfer & Trust Co."	"No"	""	""
247	"N/a"	"Guardian Life Ins. Co. of America"	"Non-public shares"	"N/a"	""	""
430	"GXO"	"GXO Logistics"	"Computershare"	"No"	""	""
241	"HAL"	"Halliburton"	"Computershare"	"Yes"	"investors@halliburton.com"	""
458	"HBI"	"Hanesbrands"	"Computershare"	"Yes"	""	""
160	"HIG"	"Hartford Financial Services Group"	"Computershare"	"Yes"	""	""
496	"HAS"	"Hasbro"	"Computershare"	"Yes"	""	""
62	"HCA"	"HCA Healthcare"	"EQ Shareowner Services"	"No"	"int.contact@hcahealthcare-ir.com"	""
299	"HSIC"	"Henry Schein"	"Continental Stock Transfer & Trust Co."	"No"	""	""
388	"HSY"	"Hershey"	"Computershare"	"Yes"	"investorrelations@hersheys.com"	""
462	"HTZ"	"Hertz Global Holdings"	"Computershare"	"No"	""	""
447	"HES"	"Hess"	"Computershare"	"No"	"investorrelations@hess.com"	""
123	"HPE"	"Hewlett Packard Enterprise"	"EQ Shareowner Services"	"No"	""	""
197	"DINO"	"HF Sinclair"	"EQ Shareowner Services"	"Yes"	""	""
17	"HD"	"Home Depot"	"Computershare"	"Yes"	"investor_relations@homedepot.com"	""
105	"HON"	"Honeywell International"	"EQ Shareowner Services"	"No"	"investorrelations@honeywell.com"	""
327	"HRL"	"Hormel Foods"	"EQ Shareowner Services"	"No"	"ir@hormel.com"	""
59	"HPQ"	"HP"	"EQ Shareowner Services"	"No"	""	""
40	"HUM"	"Humana"	"American Stock Transfer & Trust Co."	"No"	"lstamper@humana.com"	""
370	"HII"	"Huntington Ingalls Industries"	"Computershare"	"No"	"huntington.investor.relations@huntington.com"	""
410	"HUN"	"Huntsman"	"Computershare"	"Yes"	""	""
49	"IBM"	"IBM"	"Computershare"	"Yes"	"infoibm@us.ibm.com"	""
328	"IEP"	"Icahn Enterprises"	"Computershare"	"No"	""	""
252	"ITW"	"Illinois Tool Works"	"Broadridge Corporate Issuer Solutions, Inc."	"No"	"investorrelations@itw.com"	""
476	"INGR"	"Ingredion"	"Computershare"	"No"	""	""
373	"NSIT"	"Insight Enterprises"	"EQ Shareowner Services"	"No"	""	""
46	"INTC"	"Intel"	"Computershare"	"Yes"	"investor.relations@intel.com"	""
384	"ICE"	"Intercontinental Exchange"	"Computershare"	"Yes"	"investors@theice.com"	""
322	"IFF"	"International Flavors & Fragrances"	"American Stock Transfer & Trust Co."	"No"	"michael.deveau@iff.com"	""
164	"IP"	"International Paper"	"Computershare"	"Yes"	""	""
353	"IPG"	"Interpublic Group"	"Computershare"	"Yes"	""	""
366	"INTU"	"Intuit"	"American Stock Transfer & Trust Co."	"No"	"investor_relations@intuit.com"	""
269	"IQV"	"IQVIA Holdings"	"American Stock Transfer & Trust Co."	"No"	"ir@iqvia.com"	""
311	"JBHT"	"J.B. Hunt Transport Services"	"Computershare"	"Yes"	"investors@jbhunt.com"	""
426	"SJM"	"J.M. Smucker"	"Computershare"	"Yes"	""	""
119	"JBL"	"Jabil"	"Computershare"	"Yes"	""	""
395	"JXN"	"Jackson Financial"	"EQ Shareowner Services"	"No"	""	""
262	"J"	"Jacobs Engineering Group"	"American Stock Transfer & Trust Co."	"No"	""	""
387	"JEF"	"Jefferies Financial Group"	"American Stock Transfer & Trust Co."	"No"	""	""
37	"JNJ"	"Johnson & Johnson"	"Computershare"	"No"	""	""
303	"N/a"	"Jones Financial (Edward Jones)"	"Non-public shares"	"N/a"	""	""
185	"JLL"	"Jones Lang LaSalle"	"Computershare"	"Yes"	""	""
24	"JPM"	"JPMorgan Chase"	"Computershare"	"Yes"	"jpmcinvestorrelations@jpmchase.com"	""
460	"KBR"	"KBR"	"American Stock Transfer & Trust Co."	"No"	""	""
258	"K"	"Kellogg"	"Broadridge Corporate Issuer Solutions, Inc."	"Yes"	"investor.relations@kellogg.com"	""
296	"KDP"	"Keurig Dr Pepper"	"Computershare"	"Yes"	"ir@keurig.com"	""
449	"KEY"	"KeyCorp"	"Computershare"	"No"	""	""
182	"KMB"	"Kimberly-Clark"	"Computershare"	"Yes"	"kc.investorrelations@kcc.com"	""
223	"KMI"	"Kinder Morgan"	"Computershare"	"Yes"	"km_ir@kindermorgan.com"	""
138	"KKR"	"KKR"	"American Stock Transfer & Trust Co."	"No"	"investor-relations@kkr.com"	""
474	"KLAC"	"KLA"	"Computershare"	"Yes"	"kevin.kessel@kla.com"	""
183	"KSS"	"Kohl's"	"EQ Shareowner Services"	"Yes"	""	""
139	"KHC"	"Kraft Heinz"	"EQ Shareowner Services"	"Yes"	"ir@kraftheinz.com"	""
21	"KR"	"Kroger"	"EQ Shareowner Services"	"No"	"kroger.ir@kroger.com"	""
206	"LHX"	"L3Harris Technologies"	"Computershare"	"No"	""	""
230	"LH"	"Laboratory Corp. of America"	"American Stock Transfer & Trust Co."	"No"	"investor@labcorp.com"	""
250	"LRCX"	"Lam Research"	"Computershare"	"No"	"investor.relations@lamresearch.com"	""
232	"N/a"	"Land O'Lakes"	"Non-public shares"	"N/a"	""	""
491	"LSTR"	"Landstar System"	"Computershare"	"Yes"	""	""
186	"LEA"	"Lear"	"Computershare"	"Yes"	""	""
274	"LDOS"	"Leidos Holdings"	"Computershare"	"No"	""	""
131	"LEN"	"Lennar"	"Computershare"	"Yes"	"ian.frazer@lennar.com"	""
326	"LSXMA"	"Liberty Media"	"Broadridge Corporate Issuer Solutions, Inc."	"No"	""	""
78	"N/a"	"Liberty Mutual Insurance Group"	"Non-public shares"	"N/a"	""	""
187	"LNC"	"Lincoln National"	"Computershare"	"Yes"	""	""
158	"LAD"	"Lithia Motors"	"Broadridge Corporate Issuer Solutions, Inc."	"No"	""	""
283	"LKQ"	"LKQ"	"Broadridge Corporate Issuer Solutions, Inc."	"No"	""	""
55	"LMT"	"Lockheed Martin"	"Computershare"	"Yes"	"greg.m.gardner@lmco.com"	""
246	"L"	"Loews"	"Computershare"	"No"	""	""
35	"LOW"	"Lowe's"	"Computershare"	"Yes"	"investorrelations@lowes.com"	""
442	"LPLA"	"LPL Financial Holdings"	"Computershare"	"No"	"investor.relations@lplfinancial.com"	""
179	"LUMN"	"Lumen Technologies"	"Computershare"	"Yes"	""	""
144	"M"	"Macy's"	"Computershare"	"Yes"	""	""
167	"MAN"	"ManpowerGroup"	"Computershare"	"No"	""	""
19	"MPC"	"Marathon Petroleum"	"Computershare"	"Yes"	"ir@marathonpetroleum.com"	""
289	"MKL"	"Markel"	"American Stock Transfer & Trust Co."	"No"	"investorrelations@markelcorp.com"	""
270	"MAR"	"Marriott International"	"Computershare"	"Yes"	"investorrelations@marriott.com"	""
177	"MMC"	"Marsh & McLennan"	"EQ Shareowner Services"	"Yes"	"mmc.investor.relations@mmc.com"	""
413	"MAS"	"Masco"	"Computershare"	"No"	""	""
100	"N/a"	"Massachusetts Mutual Life"	"Non-public shares"	"N/a"	""	""
429	"MTZ"	"MasTec"	"American Stock Transfer & Trust Co."	"No"	""	""
190	"MA"	"Mastercard"	"EQ Shareowner Services"	"No"	"investor.relations@mastercard.com"	""
152	"MCD"	"McDonald's"	"Computershare"	"Yes"	""	""
9	"MCK"	"McKesson"	"EQ Shareowner Services"	"No"	"investors@mckesson.com"	""
71	"MRK"	"Merck"	"EQ Shareowner Services"	"Yes"	"investor_relations@merck.com"	""
27	"META"	"Meta Platforms"	"Computershare"	"No"	"ir@facebook.com"	""
50	"MET"	"MetLife"	"Computershare"	"No"	""	""
364	"MGM"	"MGM Resorts International"	"Computershare"	"Yes"	""	""
127	"MU"	"Micron Technology"	"EQ Shareowner Services"	"No"	"investorrelations@micron.com"	""
14	"MSFT"	"Microsoft"	"Computershare"	"Yes"	"msft@microsoft.com"	""
195	"MRNA"	"Moderna"	"Computershare"	"No"	"ir@modernatx.com"	""
330	"MHK"	"Mohawk Industries"	"American Stock Transfer & Trust Co."	"No"	""	""
125	"MOH"	"Molina Healthcare"	"American Stock Transfer & Trust Co."	"No"	""	""
352	"TAP"	"Molson Coors Beverage"	"Computershare"	"Yes"	""	""
121	"MDLZ"	"Mondelez International"	"EQ Shareowner Services"	"Yes"	"ir@mdlz.com"	""
61	"MS"	"Morgan Stanley"	"Computershare"	"No"	"investorrelations@morganstanley.com"	""
305	"MOS"	"Mosaic"	"American Stock Transfer & Trust Co."	"No"	"investor@mosaicco.com"	""
423	"MSI"	"Motorola Solutions"	"EQ Shareowner Services"	"Yes"	"investors@motorolasolutions.com"	""
240	"MUSA"	"Murphy USA"	"Computershare"	"Yes"	""	""
324	"N/a"	"Mutual of Omaha Insurance"	"Non-public shares"	"N/a"	""	""
80	"N/a"	"Nationwide"	"Non-public shares"	"N/a"	""	""
467	"NCR"	"NCR"	"EQ Shareowner Services"	"Yes"	""	""
115	"NFLX"	"Netflix"	"Computershare"	"Yes"	"ir@netflix.com"	""
72	"N/a"	"New York Life Insurance"	"Non-public shares"	"N/a"	""	""
348	"NWL"	"Newell Brands"	"Computershare"	"Yes"	""	""
308	"NEM"	"Newmont"	"Computershare"	"No"	"investor.relations@newmont.com"	""
374	"NWSA"	"News Corp."	"Broadridge Corporate Issuer Solutions, Inc."	"No"	""	""
215	"NEE"	"NextEra Energy"	"Computershare"	"No"	"investors@nexteraenergypartners.com"	""
83	"NKE"	"Nike"	"Computershare"	"Yes"	"investor.relations@nike.com"	""
245	"JWN"	"Nordstrom"	"Computershare"	"Yes"	""	""
332	"NSC"	"Norfolk Southern"	"American Stock Transfer & Trust Co."	"Yes"	"luke.nichols@nscorp.com"	""
493	"NTRS"	"Northern Trust"	"EQ Shareowner Services"	"No"	""	""
101	"NOC"	"Northtrop Grumman"	"Computershare"	"Yes"	"investors@ngc.com"	""
97	"N/a"	"Northwestern Mutual"	"Non-public shares"	"N/a"	""	""
133	"NRG"	"NRG Energy"	"Computershare"	"No"	""	""
98	"NUE"	"Nucor"	"American Stock Transfer & Trust Co."	"No"	""	""
134	"NVDA"	"Nvidia"	"Computershare"	"No"	""	""
389	"NVR"	"NVR"	"Computershare"	"No"	""	""
279	"ORLY"	"O'Reilly Automotive"	"Computershare"	"No"	""	""
135	"OXY"	"Occidental Petroleum"	"EQ Shareowner Services"	"No"	"investors@oxy.com"	""
379	"ODP"	"ODP"	"Computershare"	"No"	""	""
376	"ORI"	"Old Republic International"	"EQ Shareowner Services"	"No"	""	""
393	"OLN"	"Olin"	"EQ Shareowner Services"	"Yes"	""	""
255	"OMC"	"Omnicom Group"	"EQ Shareowner Services"	"No"	""	""
483	"ON"	"ON Semiconductor"	"Computershare"	"No"	""	""
224	"OKE"	"Oneok"	"EQ Shareowner Services"	"Yes"	""	""
425	"OPEN"	"Opendoor Technologies"	"American Stock Transfer & Trust Co."	"No"	""	""
91	"ORCL"	"Oracle"	"American Stock Transfer & Trust Co."	"No"	"investor_us@oracle.com"	""
428	"OSK"	"Oshkosh"	"Computershare"	"Yes"	""	""
254	"OTIS"	"Otis Worldwide"	"Computershare"	"Yes"	"investorrelations@otis.com"	""
400	"OVV"	"Ovintiv"	"American Stock Transfer & Trust Co."	"No"	""	""
361	"OMI"	"Owens & Minor"	"Computershare"	"Yes"	""	""
408	"OC"	"Owens Corning"	"EQ Shareowner Services"	"No"	""	""
151	"PCAR"	"Paccar"	"EQ Shareowner Services"	"No"	""	""
266	"N/a"	"Pacific Life"	"Non-public shares"	"N/a"	""	""
441	"PKG"	"Packaging Corp. of America"	"Computershare"	"Yes"	""	""
116	"PARA"	"Paramount Global"	"EQ Shareowner Services"	"Yes"	""	""
253	"PH"	"Parker-Hannifin"	"EQ Shareowner Services"	"No"	"aidan.gormley@parker.com"	""
143	"PYPL"	"PayPal Holdings"	"Computershare"	"Yes"	"investorrelations@paypal.com"	""
130	"PBF"	"PBF Energy"	"American Stock Transfer & Trust Co."	"No"	""	""
142	"PAG"	"Penske Automotive Group"	"Computershare"	"Yes"	""	""
45	"PEP"	"PepsiCo"	"Computershare"	"Yes"	"investor@pepsico.com"	""
112	"PFGC"	"Performance Food Group"	"Computershare"	"No"	""	""
313	"N/a"	"Peter Kiewit Sons'"	"Non-public shares"	"N/a"	""	""
43	"PFE"	"Pfizer"	"Computershare"	"Yes"	"r@pfizer.com"	""
168	"PCG"	"PG&E"	"EQ Shareowner Services"	"No"	"invrel@pge-corp.com"	""
110	"PM"	"Philip Morris International"	"Computershare"	"Yes"	""	""
29	"PSX"	"Phillips 66"	"Computershare"	"Yes"	""	""
248	"PXD"	"Pioneer Natural Resources"	"Continental Stock Transfer & Trust Co."	"No"	"ir@pxd.com"	""
88	"PAGP"	"Plains GP Holdings"	"American Stock Transfer & Trust Co."	"No"	""	""
178	"PNC"	"PNC Financial Services Group"	"Computershare"	"No"	"investor.relations@pnc.com"	""
419	"PII"	"Polaris"	"EQ Shareowner Services"	"No"	""	""
218	"PPG"	"PPG Industries"	"Computershare"	"Yes"	"jbruno@ppg.com"	""
469	"PPL"	"PPL"	"EQ Shareowner Services"	"Yes"	"invrel@pplweb.com"	""
256	"PFG"	"Principal Financial"	"Computershare"	"Yes"	"investor-relations@principal.com"	""
47	"PG"	"Procter & Gamble"	"EQ Shareowner Services"	"Yes"	"pginvestor.im@pg.com"	""
79	"PGR"	"Progressive"	"American Stock Transfer & Trust Co."	"No"	"investor_relations@progressive.com"	""
51	"PRU"	"Prudential Financial (U.S.)"	"Computershare"	"Yes"	"bill.launder@prudential.com"	""
362	"PEG"	"Public Service Enterprise Group"	"EQ Shareowner Services"	"Yes"	""	""
76	"N/a"	"Publix Super Markets"	"Non-public shares"	"N/a"	""	""
267	"PHM"	"PulteGroup"	"Computershare"	"Yes"	""	""
385	"PVH"	"PVH"	"EQ Shareowner Services"	"No"	""	""
107	"QCOM"	"Qualcomm"	"Computershare"	"Yes"	"ir@qualcomm.com"	""
285	"PWR"	"Quanta Services"	"American Stock Transfer & Trust Co."	"No"	"investors@quantaservices.com"	""
342	"DGX"	"Quest Diagnostics"	"Computershare"	"No"	""	""
265	"QRTEA"	"Qurate Retail"	"Broadridge Corporate Issuer Solutions, Inc."	"No"	""	""
356	"RJF"	"Raymond James Financial"	"Computershare"	"No"	"investorrelations@raymondjames.com"	""
58	"RTX"	"Raytheon Technologies"	"Computershare"	"Yes"	"investors@rtx.com"	""
427	"RLGY"	"Realogy Holdings"	"Computershare"	"Yes"	""	""
231	"REGN"	"Regeneron Pharmaceuticals"	"American Stock Transfer & Trust Co."	"No"	"invest@regeneron.com"	""
489	"RF"	"Regions Financial"	"Computershare"	"Yes"	""	""
222	"RGA"	"Reinsurance Group of America"	"Computershare"	"Yes"	""	""
261	"RS"	"Reliance Steel & Aluminum"	"American Stock Transfer & Trust Co."	"No"	""	""
329	"RSG"	"Republic Services"	"EQ Shareowner Services"	"No"	""	""
148	"RAD"	"Rite Aid"	"Broadridge Corporate Issuer Solutions, Inc."	"No"	""	""
494	"RHI"	"Robert Half International"	"Computershare"	"Yes"	""	""
282	"RKT"	"Rocket Companies"	"Computershare"	"Yes"	""	""
472	"ROK"	"Rockwell Automation"	"EQ Shareowner Services"	"Yes"	"bmpikus@ra.rockwell.com"	""
497	"ROP"	"Roper Technologies"	"Computershare"	"Yes"	"investor-relations@ropertech.com"	""
189	"ROST"	"Ross Stores"	"Computershare"	"No"	"investor.relations1@ros.com"	""
365	"R"	"Ryder System"	"EQ Shareowner Services"	"Yes"	""	""
417	"SPGI"	"S&P Global"	"Computershare"	"Yes"	"investor.relations@spglobal.com"	""
136	"CRM"	"Salesforce"	"Computershare"	"No"	"investor@salesforce.com"	""
482	"SANM"	"Sanmina"	"EQ Shareowner Services"	"No"	""	""
456	"SAIC"	"Science Applications International"	"Computershare"	"No"	""	""
382	"SEB"	"Seaboard"	"EQ Shareowner Services"	"No"	""	""
464	"N/a"	"Securian Financial Group"	"Non-public shares"	"N/a"	""	""
288	"SRE"	"Sempra"	"American Stock Transfer & Trust Co."	"Yes"	"investor@sempra.com"	""
175	"SHW"	"Sherwin-Williams"	"EQ Shareowner Services"	"No"	"investor.relations@sherwin.com"	""
300	"SAH"	"Sonic Automotive"	"American Stock Transfer & Trust Co."	"No"	""	""
153	"SO"	"Southern Company"	"EQ Shareowner Services"	"Yes"	"shareholderservices@southernco.com"	""
234	"LUV"	"Southwest Airlines"	"EQ Shareowner Services"	"Yes"	""	""
486	"SWN"	"Southwestern Energy"	"Computershare"	"Yes"	""	""
392	"SPTN"	"SpartanNash"	"Computershare"	"Yes"	""	""
212	"SWK"	"Stanley Black & Decker"	"Computershare"	"Yes"	""	""
120	"SBUX"	"Starbucks"	"Computershare"	"Yes"	""	""
42	"N/a"	"State Farm Insurance"	"Non-public shares"	"N/a"	""	""
316	"STT"	"State Street"	"American Stock Transfer & Trust Co."	"Yes"	"ir@statestreet.com"	""
196	"STLD"	"Steel Dynamics"	"Computershare"	"Yes"	""	""
87	"SNEX"	"StoneX"	"Computershare"	"No"	""	""
214	"SYK"	"Stryker"	"American Stock Transfer & Trust Co."	"No"	"jason.beach@stryker.com"	""
236	"SYF"	"Synchrony Financial"	"Computershare"	"Yes"	"investorrelations@syf.com"	""
70	"SYY"	"Sysco"	"Broadridge Corporate Issuer Solutions, Inc."	"No"	""	""
443	"TROW"	"T. Rowe Price"	"EQ Shareowner Services"	"No"	""	""
216	"TRGP"	"Targa Resources"	"Computershare"	"No"	"investorrelations@targaresources.com"	""
32	"TGT"	"Target"	"EQ Shareowner Services"	"Yes"	"investorrelations@target.com"	""
453	"TMHC"	"Taylor Morrison Home"	"Computershare"	"No"	""	""
109	"SNX"	"TD Synnex"	"Computershare"	"Yes"	""	""
181	"THC"	"Tenet Healthcare"	"Computershare"	"No"	""	""
202	"TEN"	"Tenneco"	"EQ Shareowner Services"	"Yes"	""	""
65	"TSLA"	"Tesla"	"Computershare"	"Yes"	""	""
198	"TXN"	"Texas Instruments"	"Computershare"	"Yes"	"txn@ti.com"	""
302	"TXT"	"Textron"	"American Stock Transfer & Trust Co."	"No"	""	""
92	"TMO"	"Thermo Fisher Scientific"	"American Stock Transfer & Trust Co."	"No"	"investorrelations@thermofisher.com"	""
306	"THO"	"Thor Industries"	"Computershare"	"Yes"	""	""
351	"N/a"	"Thrivent Financial for Lutherans"	"Non-public shares"	"N/a"	""	""
90	"N/a"	"TIAA"	"Non-public shares"	"N/a"	""	""
75	"TJX"	"TJX"	"Computershare"	"No"	"jeff_botte@tjx.com"	""
397	"TOL"	"Toll Brothers"	"American Stock Transfer & Trust Co."	"No"	""	""
294	"TSCO"	"Tractor Supply"	"Computershare"	"Yes"	"investorrelations@tractorsupply.com"	""
461	"TA"	"TravelCenters of America"	"EQ Shareowner Services"	"No"	""	""
103	"TRV"	"Travelers Companies"	"EQ Shareowner Services"	"Yes"	""	""
155	"TFC"	"Truist Financial"	"Computershare"	"Yes"	"investors@truist.com"	""
81	"TSN"	"Tyson Foods"	"Computershare"	"Yes"	""	""
150	"USB"	"U.S. Bancorp"	"Computershare"	"Yes"	""	""
210	"UBER"	"Uber Technologies"	"Computershare"	"Yes"	"investor@uber.com"	""
401	"UFPI"	"UFP Industries"	"American Stock Transfer & Trust Co."	"No"	""	""
455	"UGI"	"UGI"	"Computershare"	"Yes"	""	""
402	"ULTA"	"Ulta Beauty"	"American Stock Transfer & Trust Co."	"No"	"investorrelations@ulta.com"	""
163	"UNP"	"Union Pacific"	"Computershare"	"Yes"	"investor.relations@up.com"	""
146	"UAL"	"United Airlines Holdings"	"Computershare"	"Yes"	""	""
132	"UNFI"	"United Natural Foods"	"Continental Stock Transfer & Trust Co."	"No"	""	""
363	"URI"	"United Rentals"	"American Stock Transfer & Trust Co."	"No"	"investors@unitedrentals.com"	""
172	"X"	"United States Steel"	"EQ Shareowner Services"	"No"	""	""
5	"UNH"	"UnitedHealth Group"	"EQ Shareowner Services"	"No"	""	""
369	"UNVR"	"Univar Solutions"	"EQ Shareowner Services"	"No"	""	""
297	"UHS"	"Universal Health Services"	"Computershare"	"Yes"	""	""
317	"UHM"	"Unum Group"	"Computershare"	"Yes"	""	""
34	"UPS"	"UPS"	"Computershare"	"Yes"	"investor@ups.com"	""
117	"USFD"	"US Foods Holding"	"American Stock Transfer & Trust Co."	"No"	""	""
96	"N/a"	"USAA"	"Non-public shares"	"N/a"	""	""
30	"VLO"	"Valero Energy"	"Computershare"	"No"	"investorrelations@valero.com"	""
477	"VRTV"	"Veritiv"	"Computershare"	"No"	""	""
23	"VZ"	"Verizon Communications"	"Computershare"	"Yes"	"george.connor@verizon.com"	""
448	"VRTX"	"Vertex Pharmaceuticals"	"Computershare"	"No"	"investorinfo@vrtx.com"	""
380	"VFC"	"VF"	"Computershare"	"Yes"	"ir@vfc.com"	""
204	"VTRS"	"Viatris"	"American Stock Transfer & Trust Co."	"No"	""	""
480	"VSCO"	"Victoria's Secret"	"American Stock Transfer & Trust Co."	"No"	""	""
147	"V"	"Visa"	"EQ Shareowner Services"	"No"	"ir@visa.com"	""
315	"VST"	"Vistra"	"American Stock Transfer & Trust Co."	"No"	""	""
371	"WRB"	"W.R. Berkley"	"EQ Shareowner Services"	"No"	""	""
284	"GWW"	"W.W. Grainger"	"Computershare"	"No"	""	""
18	"WBA"	"Wallgreens Boots Alliance"	"EQ Shareowner Services"	"Yes"	""	""
1	"WMT"	"Walmart"	"Computershare"	"Yes"	""	""
53	"DIS"	"Walt Disney"	"Computershare"	"Yes"	""	""
310	"WBD"	"Warner Bros. Discovery"	"Computershare"	"No"	""	""
203	"WM"	"Waste Management"	"Computershare"	"Yes"	"eegl@wm.com"	""
275	"W"	"Wayfair"	"Computershare"	"Yes"	""	""
416	"WEC"	"WEC Energy Group"	"Computershare"	"Yes"	"wec-stockholder-services@wecenergygroup.com"	""
41	"WFC"	"Wells Fargo"	"EQ Shareowner Services"	"Yes"	"investorrelations@wellsfargo.com"	""
200	"WCC"	"WESCO International"	"Computershare"	"No"	""	""
372	"N/a"	"Western & Southern Financial Group"	"Non-public shares"	"N/a"	""	""
217	"WDC"	"Western Digital"	"American Stock Transfer & Trust Co."	"No"	""	""
439	"WAB"	"Westinghouse Air Brake Technologies"	"Broadridge Corporate Issuer Solutions, Inc."	"No"	""	""
320	"WLK"	"Westlake"	"American Stock Transfer & Trust Co."	"No"	""	""
192	"WRK"	"WestRock"	"Computershare"	"Yes"	""	""
354	"WY"	"Weyerhaeuser"	"Computershare"	"Yes"	"andy.taylor@weyerhaeuser.com"	""
162	"WHR"	"Whirlpool"	"Computershare"	"Yes"	""	""
347	"WMB"	"Williams"	"Computershare"	"Yes"	"investorrelations@williams.com"	""
420	"WSM"	"Williams-Sonoma"	"EQ Shareowner Services"	"No"	""	""
111	"INT"	"World Fuel Services"	"EQ Shareowner Services"	"No"	""	""
278	"XEL"	"Xcel Energy"	"EQ Shareowner Services"	"Yes"	"paul.a.johnson@xcelenergy.com"	""
471	"XRX"	"Xerox Holdings"	"Computershare"	"No"	""	""
291	"XPO"	"XPO Logistics"	"Computershare"	"No"	""	""
490	"YUM"	"Yum Brands"	"Computershare"	"Yes"	"yum.investor@yum.com"	""
359	"YUMC"	"Yum China Holdings"	"Computershare"	"Yes"	""	""
424	"ZG"	"Zillow Group"	"Computershare"	"Yes"	""	""
438	"ZBH"	"Zimmer Biomet Holdings"	"Computershare"	"Yes"	"keri.mattox@zimmerbiomet.com"	""
440	"ZTS"	"Zoetis"	"Computershare"	"Yes"	""	""
